<?xml version="1.0" encoding="utf-8"?>
<form>
	<field
		id="client"
		name="client"
		type="Translationsclient"
		hidden="true"
		onchange="this.form.submit()"
		addfieldprefix="Joomla\Component\Localise\Administrator\Field">
		<option value="">COM_LOCALISE_OPTION_CLIENT_SELECT</option>
	</field>
	<field
		id="tag"
		name="tag"
		type="Language"
		client="site"
		hidden="true"
		onchange="this.form.submit()"
		addfieldprefix="Joomla\Component\Localise\Administrator\Field">
		<option value="">COM_LOCALISE_OPTION_LANGUAGE_SELECT</option>
	</field>
	<field
		id="develop"
		name="develop"
		type="Develop"
		hidden="true"
		onchange="this.form.submit()"
		addfieldprefix="Joomla\Component\Localise\Administrator\Field">
		<option value="">COM_LOCALISE_OPTION_TRANSLATIONS_DEVELOP_SELECT</option>
	</field>

	<fields name="filter">
		<field
			name="search"
			type="text"
			label="JSEARCH_FILTER"
			description="JSEARCH_FILTER"
			hint="JSEARCH_FILTER"
		/>
		<field
			id="storage"
			name="storage"
			type="Storage"
			hidden="true"
			onchange="this.form.submit()"
			addfieldprefix="Joomla\Component\Localise\Administrator\Field">
			<option value="">COM_LOCALISE_OPTION_TRANSLATIONS_STORAGE_SELECT</option>
		</field>
		<field
			id="origin"
			name="origin"
			type="Origin"
			hidden="true"
			class="custom-select"
			onchange="this.form.submit()">
			<option value="">COM_LOCALISE_OPTION_TRANSLATIONS_ORIGIN_SELECT</option>
		</field>
		<field
			id="state"
			name="state"
			type="State"
			hidden="true"
			onchange="this.form.submit()"
			addfieldprefix="Joomla\Component\Localise\Administrator\Field">
			<option value="">COM_LOCALISE_OPTION_TRANSLATIONS_STATE_SELECT</option>
		</field>
		<field
			id="type"
			name="type"
			type="Type"
			hidden="true"
			onchange="this.form.submit()"
			addfieldprefix="Joomla\Component\Localise\Administrator\Field">
			<option value="">COM_LOCALISE_OPTION_TRANSLATIONS_TYPE_SELECT</option>
		</field>
	</fields>

	<fields name="list">
		<field
			name="fullordering"
			type="list"
			label="JGLOBAL_SORT_BY"
			description="JGLOBAL_SORT_BY"
			onchange="this.form.submit();"
			default="filename ASC"
			>
			<option value="">JGLOBAL_SORT_BY</option>
			<option value="filename ASC">COM_LOCALISE_HEADING_TRANSLATIONS_FILES_ASC</option>
			<option value="filename DESC">COM_LOCALISE_HEADING_TRANSLATIONS_FILES_DESC</option>
			<option value="completed ASC">COM_LOCALISE_HEADING_TRANSLATIONS_TRANSLATED_ASC</option>
			<option value="completed DESC">COM_LOCALISE_HEADING_TRANSLATIONS_TRANSLATED_DESC</option>
			<option value="translated ASC">COM_LOCALISE_HEADING_TRANSLATIONS_PHRASES_ASC</option>
			<option value="translated DESC">COM_LOCALISE_HEADING_TRANSLATIONS_PHRASES_DESC</option>
		</field>
		<field
			name="limit"
			type="limitbox"
			label="JGLOBAL_LIST_LIMIT"
			class="input-mini"
			default="25"
			onchange="this.form.submit();"
		/>
	</fields>
</form>
