<?xml version="1.0" encoding="utf-8"?>
<form>
	<field
		id="client"
		name="client"
		type="Client"
		filtermode="selector"
		onchange="this.form.submit()"
		addfieldprefix="Joomla\Component\Localise\Administrator\Field">
		<option value="">COM_LOCALISE_OPTION_CLIENT_SELECT</option>
	</field>
	<field
		id="tag"
		name="tag"
		type="Language"
		filtermode="selector"
		onchange="this.form.submit()"
		addfieldprefix="Joomla\Component\Localise\Administrator\Field">
		<option value="">COM_LOCALISE_OPTION_LANGUAGE_SELECT</option>
	</field>

	<fields name="filter">
		<field
			name="search"
			type="text"
			label="JSEARCH_FILTER"
			description="JSEARCH_FILTER"
			hint="JSEARCH_FILTER"
		/>
	</fields>
	<fields name="list">
		<field
			name="fullordering"
			type="list"
			label="JGLOBAL_SORT_BY"
			description="JGLOBAL_SORT_BY"
			onchange="this.form.submit();"
			default="ASC"
			>
			<option value="">JGLOBAL_SORT_BY</option>
			<option value="tag ASC">JGRID_HEADING_LANGUAGE_ASC</option>
			<option value="tag DESC">JGRID_HEADING_LANGUAGE_DESC</option>
			<option value="client ASC">COM_LOCALISE_CLIENT_ASC</option>
			<option value="client DESC">COM_LOCALISE_CLIENT_DESC</option>
			<option value="name ASC">COM_LOCALISE_NAME_ASC</option>
			<option value="name DESC">COM_LOCALISE_NAME_DESC</option>
		</field>
		<field
			name="limit"
			type="limitbox"
			label="JGLOBAL_LIST_LIMIT"
			class="input-mini"
			default="25"
			onchange="this.form.submit();"
		/>
	</fields>
</form>
