<?xml version="1.0" encoding="utf-8"?>
<form>
	<fields name="select">
		<fieldset name="select">
			<field
				id="client"
				name="client"
				type="Client"
				hidden="true"
				addfieldprefix="Joomla\Component\Localise\Administrator\Field"
				onchange="this.form.submit()">
				<option value="">COM_LOCALISE_OPTION_CLIENT_SELECT</option>
			</field>
			<field
				id="tag"
				name="tag"
				type="Language"
				hidden="true"
				addfieldprefix="Joomla\Component\Localise\Administrator\Field"
				onchange="this.form.submit()">
				<option value="">COM_LOCALISE_OPTION_LANGUAGE_SELECT</option>
			</field>
		</fieldset>
	</fields>
</form>
