<?xml version="1.0" encoding="utf-8"?>
<form addfieldprefix="Joomla\Component\Localise\Administrator\Field">
	<fields name="select">
		<fieldset name="select">
			<field
				id="client"
				name="client"
				type="Translationsclient"
				hidden="true"
				onchange="this.form.submit()">
				<option value="">COM_LOCALISE_OPTION_CLIENT_SELECT</option>
			</field>
			<field
				id="tag"
				name="tag"
				type="Language"
				client="site"
				hidden="true"
				onchange="this.form.submit()">
				<option value="">COM_LOCALISE_OPTION_LANGUAGE_SELECT</option>
			</field>
			<field
				id="storage"
				name="storage"
				type="Storage"
				hidden="true"
				onchange="this.form.submit()">
				<option value="">COM_LOCALISE_OPTION_TRANSLATIONS_STORAGE_SELECT</option>
			</field>
			<field
				id="origin"
				name="origin"
				type="Origin"
				hidden="true"
				class="custom-select"
				onchange="this.form.submit()">
				<option value="">COM_LOCALISE_OPTION_TRANSLATIONS_ORIGIN_SELECT</option>
			</field>
			<field
				id="state"
				name="state"
				type="State"
				hidden="true"
				onchange="this.form.submit()">
				<option value="">COM_LOCALISE_OPTION_TRANSLATIONS_STATE_SELECT</option>
			</field>
			<field
				id="type"
				name="type"
				type="Type"
				hidden="true"
				onchange="this.form.submit()">
				<option value="">COM_LOCALISE_OPTION_TRANSLATIONS_TYPE_SELECT</option>
			</field>
			<field
				id="develop"
				name="develop"
				type="Develop"
				hidden="true"
				onchange="this.form.submit()">
				<option value="">COM_LOCALISE_OPTION_TRANSLATIONS_DEVELOP_SELECT</option>
			</field>
		</fieldset>
	</fields>
</form>
